Counter-Strike: Global Offensive;501196
Dota 2;378925.43
PLAYERUNKNOWN'S BATTLEGROUNDS;275363.04
Rust;51620.39
Team Fortress 2;59597.88
Grand Theft Auto V;111300.2
Tom Clancy's Rainbow Six Siege;94185.78
Rocket League;41923.12
Path of Exile;39978.76
ARK: Survival Evolved;45655.85
Destiny 2;65955.1
Sid Meier's Civilization VI;32745.53
PAYDAY 2;20294.08
Wallpaper Engine;17000.55
Warframe;36264.08
Euro Truck Simulator 2;18884.25
Stardew Valley;24356.22
Garry's Mod;26582.47
Dead by Daylight;23582.15
War Thunder;13825.4
Total War: WARHAMMER II;22945.57
DayZ;14731.7
Farming Simulator 19;10879.04
Hearts of Iron IV;17678.24
World of Tanks Blitz;14234.25
The Elder Scrolls Online;15416.94
Age of Empires II: Definitive Edition;11140.03
The Elder Scrolls V: Skyrim Special Edition;15991.82
Brawlhalla;10448.06
Unturned;17665.01
Spacewar;7092.61
7 Days to Die;16550.55
Football Manager 2020;45252
SMITE;9659.47
Sid Meier's Civilization V;20642
FINAL FANTASY XIV Online;10660.06
RimWorld;12110.73
Europa Universalis IV;13379.9
Counter-Strike;10197.54
Arma 3;14703.42
Black Desert Online;14250.47
NBA 2K20;13803.73
Bloons TD 6;6120.17
Factorio;8846.6
Dead Cells;1817.83
DARK SOULS™ III;9478.24
Fallout 4;14376.51
VRChat;7972.94
Stellaris;9948.66
World of Warships;7399.93
Paladins;13883.41
Albion Online;2949.22
Yu-Gi-Oh! Duel Links;5742.14
Soundpad;2830.59
Assassin's Creed Odyssey;9237.46
Total War: THREE KINGDOMS;11550.98
The Forest;7194.89
Hades;4234.54
Deep Rock Galactic;2512.05
Green Hell;462.52
The Binding of Isaac: Rebirth;5377.88
Raft;5595.81
Oxygen Not Included;6052.69
Conqueror's Blade;439.32
Conan Exiles;11660.03
Human: Fall Flat;7266.11
Hunt: Showdown;4540.92
Dying Light;6050.41
NGU IDLE;5128.76
Geometry Dash;4154.63
SCUM;3174.86
Aim Lab;152.98
Company of Heroes 2;5258.35
The Elder Scrolls V: Skyrim;8211.45
Russian Fishing 4;2433.59
Mount & Blade: Warband;7952.24
SCP: Secret Laboratory;2672.34
Total War: ROME II - Emperor Edition;5539.86
Squad;2988.87
Hollow Knight;4027.04
Grim Dawn;4599.69
BeamNG.drive;2923.81
Killing Floor 2;4144.66
Black Desert;3659.22
Warhammer: Vermintide 2;2999.07
Prison Architect;1506.92
Planet Zoo;5489.38
Kerbal Space Program;3556.96
Dota Underlords;9500.55
Total War: MEDIEVAL II - Definitive Edition;3184.52
MORDHAU;4541.93
Clicker Heroes;2535.79
theHunter: Call of the Wild™;2350.33
Hell Let Loose;1207.42
AdVenture Capitalist;1387.18
Starbound;2751.31
Crossout;3403.18
Warface;1835.27
For Honor;2871.65
Crusader Kings II;7194.4
House Flipper;1845.11
XCOM 2;4717.14
Lords Mobile;2366.78
Blender;1433.96
Far Cry 5;4004.77
The Isle;4224.77
Assetto Corsa Competizione;685.35
Borderlands 2;4421.33
Kenshi;4513.61
Heroes & Generals;2812.46
Eco;806.4
People Playground;498.57
Shakes and Fidget;463.34
Subnautica;3054.18
Insurgency: Sandstorm;2010.4
Total War: EMPIRE - Definitive Edition;2437.71
The Sims(TM) 3;4465.97
Transformice;540.87
Total War: ATTILA;2669.6
Transport Fever 2;5353.81
eFootball PES 2020;8848.92
Darkest Dungeon®;3219.25
Total War: SHOGUN 2;1902.83
HITMAN™ 2;2031.28
Portal 2;3119.34
Kingdom Come: Deliverance;3053.87
They Are Billions;2876.23
Totally Accurate Battle Simulator;1570.5
ATLAS;5615.2
Assassin's Creed Origins;2359.86
STAR WARS Jedi: Fallen Order™ ;3457.55
Fishing Planet;1157.99
DiRT Rally 2.0;753.33
Mortal Kombat 11;1948.34
Middle-earth™: Shadow of War™;3027.35
Soundpad Demo;310.83
Star Trek Online;1212.58
Catan Universe;401.67
Men of War: Assault Squad 2;1501.43
Trove;1876.43
Football Manager 2018;4052.1
DARK SOULS™ II: Scholar of the First Sin;1962.49
DRAGON BALL FighterZ;1133.11
Gems of War;1585.75
Aseprite;985.06
The Crew 2;1483.56
CarX Drift Racing Online;250.18
Beat Saber;1847.85
KovaaK 2.0;814.6
Neverwinter;1605.48
Will To Live Online;788.56
Street Fighter V;1989.07
DARK SOULS™: REMASTERED;1877.3
PlanetSide 2;1301.52
Planet Coaster;1933.51
Pathfinder: Kingmaker;1990.87
The Long Dark;2074.4
Disco Elysium;1553.08
Stormworks: Build and Rescue;995.44
Knight Online;1300.06
Project Zomboid;1211.27
Noita;1082.03
Northgard;1838.2
Realm of the Mad God Exalt;962.75
X-Plane 11;1602.91
METAL GEAR SOLID V: THE PHANTOM PAIN;1544.47
Jurassic World Evolution;1914.19
BATTLETECH;3161.23
theHunter Classic;888.97
ASTRONEER;2444.24
Microsoft Flight Simulator X: Steam Edition;2139.32
EVGA Precision X1;1322.81
Robocraft;722.5
Don't Starve;2336.55
Firestone Idle RPG;1554.6
Age of Mythology: Extended Edition;1491.07
Train Simulator;1183.53
Call of Duty: Black Ops III;1909.37
Subnautica: Below Zero;1181.91
Heroes of Might & Magic III - HD Edition;1239.39
Total War: NAPOLEON - Definitive Edition;1173.29
Foundation;448.62
Yakuza 0;970.9
Black Squad;3265.46
Shadowverse;3769.74
Black Desert Online SA;1895.05
ROMANCE OF THE THREE KINGDOMS XIV;7642.29
Company of Heroes ;1312.11
Grand Theft Auto IV: The Complete Edition;776.95
Football Manager 2017;2380.68
Super Animal Royale;257.25
Sniper Elite 4;1482.75
Granado Espada;795.93
Tom Clancy's Ghost Recon® Wildlands;1232.91
DEAD OR ALIVE Xtreme Venus Vacation;1672.82
Rome: Total War;1276.35
Tree of Savior (English Ver.);1389.61
Beasts of Bermuda;460.64
FaceRig;906.67
Endless Space® 2;1393.77
Assassin's Creed IV Black Flag;1184.32
For The King;867.96
Stay Out;988.3
Marchof Empires;924.89
Plants vs. Zombies: Game of the Year;1662.39
Plague Inc: Evolved;2403.66
Total War: WARHAMMER;1422.25
Amazing Cultivation Simulator;2434.61
Workers & Resources: Soviet Republic;690.5
X4: Foundations;757.65
Stronghold Crusader HD;686.4
Sid Meier's Civilization IV: Beyond the Sword;1179.82
Frostpunk;4135.57
Tomb Raider;1014.5
MapleStory;1318.04
Nioh: Complete Edition;1021.27
NBA 2K19;3637.97
Onmyoji;960.18
Tracks of Triumph: Industrial Zone;2.24
Titan Quest Anniversary Edition;1035.5
Assassin's Creed Unity;546.44
DRAGON BALL Z: KAKAROT;11558.78
Brick Rigs;620.66
Resident Evil 7 Biohazard;405.78
Two Point Hospital;1710.28
Sid Meier's Civilization III: Complete;1085.5
DCS World Steam Edition;915.44
My Summer Car;684.58
Banished;1262.11
XCOM: Enemy Unknown;886.58
OMSI 2;674.75
The Elder Scrolls IV: Oblivion ;1090.83
A Dance of Fire and Ice;382.41
Crusaders of the Lost Idols;1372.16
Farming Simulator 17;1435.61
Barotrauma;218.72
Spore;768.05
Insurgency;1184.15
Enter the Gungeon;1551.85
Minion Masters;1117.26
Source Filmmaker;1006.6
NARUTO SHIPPUDEN: Ultimate Ninja STORM 4;595.76
The Lord of the Rings Online™;516.09
Tropico 6;983.86
Realm Grinder;1333.68
Realm Royale;1514.52
Victoria II;772.58
BioShock Remastered;373.64
Undertale;961.57
DOOM;2464.74
Just Cause 3;1600.23
Naval Action;822.11
Age of Empires: Definitive Edition;963.5
Age of History II;527.05
Football Manager 2016;1258.69
Temtem;21967.39
Ironsight;165.15
Fallout Shelter;996.37
CODE VEIN;1731.03
Battle Brothers;1091.04
Cossacks 3;667.17
Rising Storm 2: Vietnam;1078.55
KARDS - The WWII Card Game;236.44
Surviving Mars;1754.52
Game of Thrones Winter is Coming;549.64
Project CARS 2;978.62
Governor of Poker 3;555.43
Outward;728.53
FTL: Faster Than Light;1370.51
Metin2;572.84
Rocksmith® 2014 Edition - Remastered;807.99
War Robots;482.69
Half-Life 2;1760.4
TERA;718.78
Cell to Singularity - Evolution Never Ends;1022.82
PC Building Simulator;673.33
Cuphead;985.97
Divinity: Original Sin Enhanced Edition;884.1
War Selection;396.2
Dawn of Man;894.15
Wolcen: Lords of Mayhem;715.69
F1 2019;1501.02
Trailmakers;498.48
Football Manager 2015;903.87
FINAL FANTASY XV WINDOWS EDITION;1160.64
Batman™: Arkham Knight;884.5
Golf It!;477.3
Mafia III: Definitive Edition;621
Fallout: New Vegas RU;523.11
Wreckfest;758.51
The Witcher 2: Assassins of Kings Enhanced Edition;2759.61
Wargame: Red Dragon;755.44
Deceit;1427.73
Idling to Rule the Gods;728.01
Pillars of Eternity II: Deadfire;1019.29
Crush Crush;1317.08
Warhammer 40000: Dawn of War - Soulstorm;738.32
Ravenfield;683.76
Avorion;617.85
Far Cry 4;663.2
Black Mesa;1002.03
Pavlov VR;820.34
Life is Feudal: Your Own;615.94
The Witcher: Enhanced Edition;4212.42
BioShock Infinite;580.31
Bloons TD Battles;743.94
RPG Maker MV;1015.31
STAR WARS™ Knights of the Old Republic™ II: The Sith Lords™;1245.08
Resident Evil 4;473.53
UBOAT;404.4
Far Cry New Dawn;854.94
GTFO;1332.23
This War of Mine;935.2
RaceRoom Racing Experience ;416.36
Tree of Savior (Japanese Ver.);1043.01
Post Scriptum;1097.25
Far Cry® 3;533.21
Graveyard Keeper;1527.89
CRSED;1228.47
Terraforming Mars;251.91
Steel Division 2;355.57
Ultimate Epic Battle Simulator;113.61
Resident Evil 6;526.69
Dishonored 2;947.69
Blood Bowl 2;399.59
Motorsport Manager;598.27
Tom Clancy's The Division;631.28
Steep;263.21
Sins of a Solar Empire: Rebellion;659.71
The Divine Paradox;2.07
rFactor 2;437.54
Rise of Nations: Extended Edition;642.64
Danganronpa 2: Goodbye Despair;402.94
Ori and the Blind Forest: Definitive Edition;419.87
Borderlands: The Pre-Sequel;685.07
Unrailed!;323.19
Idle Wizard;698.6
Stick Fight: The Game;876.91
Mindustry;495.18
Yakuza Kiwami 2;324.57
Citadel: Forged With Fire;205.58
Stream Avatars;292.32
Digimon Masters Online;766.67
DJMAX RESPECT V;653.48
Dead Frontier 2;307.2
MudRunner;964.37
Middle-earth™: Shadow of Mordor™;596.81
ShareX;471.24
Counter-Strike Nexon: Studio;762.92
Mad Max;563.99
<U+55DC><U+8840><U+5370> Bloody Spell;280.93
Golf With Your Friends;603.93
Lobotomy Corporation;413.51
Friday the 13th: The Game;600.29
<U+592A><U+543E><U+7ED8><U+5377> The Scroll Of Taiwu;2138.38
Left 4 Dead;479.7
Ultimate Chicken Horse;399.42
Feed and Grow: Fish;318.06
Fisher Online;397.68
Sands of Salzaar;5512.24
Doki Doki Literature Club;517.05
Clone Drone in the Danger Zone;236.45
TerraTech;813.91
Little Nightmares;125.16
Sniper Ghost Warrior Contracts;661.78
Subsistence;331.64
Gears 5;464.99
Quake Champions;546.26
Age of Wonders III;605.47
Stronghold Kingdoms;481.59
Baldur's Gate II: Enhanced Edition;425.89
Railway Empire;510.77
Resident Evil 5;443.13
Imperator: Rome;1089.82
Football Manager 2012;397.02
Borderless Gaming;504.87
Mass Effect;258.59
The Elder Scrolls III: Morrowind;408.94
SimCity 4 Deluxe;414.79
Dungeon Defenders II;602.17
F1 2012;47.98
Farming Simulator 2013;42.54
Football Manager 2014;637.53
F1 2014;31.32
Construction-Simulator 2015;138.89
Car Mechanic Simulator 2015;121.38
F1 2015;51.94
Pro Evolution Soccer 2016;76.12
F1 2016;34.75
Pro Evolution Soccer 2017;184.69
F1 2017;92.79
F1 2018;324.24
Farm Manager 2018;111.94
Deus Ex: Mankind Divided™;479.79
SYNTHETIK;71.03
Lost Castle;446.49
Digimon Story Cyber Sleuth: Complete Edition;355.03
Sven Co-op;304.39
Marvel Puzzle Quest;353.72
Torchlight II;544.75
Sleeping Dogs: Definitive Edition;373.27
Wolfenstein II: The New Colossus;587.67
OCTOPATH TRAVELER;567.04
S.T.A.L.K.E.R.: Shadow of Chernobyl;279.16
Call of Duty: Modern Warfare 2;422.09
Getting Over It with Bennett Foddy;406.17
DC Universe Online;494.46
NBA 2K18;756.99
Danganronpa: Trigger Happy Havoc;355.92
Outlast;210
The Elder Scrolls: Legends;473.91
Hacknet;377.49
Farming Simulator 15;193.1
Terraria;29514.3
Left 4 Dead 2;12134.26
The Witcher 3: Wild Hunt;48217.32
Life is Strange™;470.97
Z1 Battle Royale;2525.85
Don't Starve Together;12936.17
Counter-Strike: Source;4081.37
Monster Hunter: World;113236.24
Cities: Skylines;12280.77
Fallout: New Vegas;2862.84
No Man's Sky;5270.44
Space Engineers;8467.19
Saints Row IV;469.24
Age of Empires II (2013);6677.07
Killing Floor;332.16
Portal;537.84
Chivalry: Medieval Warfare;243.16
Castle Crashers;668.7
Rise of the Tomb Raider;2029.01
No More Room in Hell;366.28
BattleBlock Theater;362.71
Goat Simulator;146.63
Hotline Miami;154.63
Saints Row: The Third;564.95
Divinity: Original Sin 2;9083.64
Dirty Bomb;284.85
The Binding of Isaac;231.78
To the Moon;49.63
Dishonored;501.85
Battlerite;567.36
Ring of Elysium;4070.24
NieR:Automata™;854.63
POSTAL 2;232.82
South Park™: The Stick of Truth™;228.13
PAYDAY: The Heist;44.45
Just Cause 2;221.27
Firewatch;45.49
Spec Ops: The Line;88.15
Brothers - A Tale of Two Sons;19.26
The Stanley Parable;71.91
Mafia II (Classic);555.62
Everlasting Summer;355.64
Broforce;290.57
LIMBO;70.88
DARK SOULS II;314.9
Star Wars: Battlefront 2 (Classic 2005);599.79
Metro 2033 Redux;319.36
Bastion;87.84
Half-Life;1367.23
Game Dev Tycoon;248.58
Rising Storm/Red Orchestra 2 Multiplayer;363.19
Grand Theft Auto: San Andreas;1122.66
Wolfenstein: The New Order;469.76
Slay the Spire;10919.48
Elite Dangerous;5565.81
Batman: Arkham City GOTY;347.26
Emily is Away;14.86
Besiege;388.69
Call of Duty: Black Ops II;202.66
Papers Please;296.29
American Truck Simulator;3921.87
Resident Evil 2;2851.56
Alien: Isolation;148.32
Slime Rancher;1108.36
Fistful of Frags;158.53
Metro: Last Light Redux;330.16
Hitman: Absolution;241.37
Battlefield: Bad Company™ 2;234.35
Alan Wake;83.48
Risk of Rain;154.21
Depth;174.35
Transistor;58.13
ORION: Prelude;12
Verdun;198.32
Hotline Miami 2: Wrong Number;224.04
Life is Strange: Before the Storm;172.17
Max Payne 3;233.58
Sekiro™: Shadows Die Twice;6479.8
Mortal Kombat X;400.57
Mirror;690.7
The Wolf Among Us;73.14
Cry of Fear;106.46
Totally Accurate Battlegrounds;100.16
Magicka;99.24
Watch_Dogs 2;1025.97
SpeedRunners;217.11
Awesomenauts;183.99
Batman™: Arkham Origins;289.28
Batman: Arkham Asylum GOTY Edition;193.37
Hellblade: Senua's Sacrifice;268.6
Amnesia: The Dark Descent;82.91
APB Reloaded;409.24
Super Hexagon;25.38
INSIDE;94.76
Call of Duty: World at War;731.27
The Plan;1.41
Creativerse;402.53
Shadow Warrior;53.94
A Story About My Uncle;71.48
Risk of Rain 2;7753.84
Mirror's Edge;68.05
Prey;622.19
HuniePop;292.68
Fallout 3 - Game of the Year Edition;297.62
Arma 2: Operation Arrowhead;565.32
Devil MayCry 5;1332.96
DiRT Rally;465.42
Alien Swarm;25.83
Miscreated;688.18
The Talos Principle;202.21
Spintires®;464.24
ICEY;11.4
Blood and Bacon;45.28
Duck Game;304.47
Magic Duels;120.73
SOMA;78.99
Trine 2;123.59
NEKOPARA Vol. 1;88.01
BLOCKADE 3D;32.77
Five Nights at Freddy's;56.08
Spiral Knights;213.28
Valiant Hearts: The Great War™ / Soldats Inconnus : Mémoires de la Grande Guerre™;26.82
ABZU;19.53
Stranded Deep;489.64
Serious Sam 3: BFE;134.67
Hurtworld;1602.18
TEKKEN 7;2998.97
Assetto Corsa;2716.77
Scrap Mechanic;1143.31
Watch_Dogs;242.11
The Expendabros;48.89
Dust: An Elysian Tail;26.16
Ryse: Son of Rome;69.37
Hero Siege;313.12
Call of Duty: Ghosts;70.22
Assassin's Creed II;517.11
SUPERHOT;99.34
DmC Devil MayCry;83.06
Layers of Fear;93.82
Day of Infamy;172.17
Tales from the Borderlands;18.85
Skullgirls 2nd Encore;113
Call of Duty: Black Ops;378.86
One Finger Death Punch;24.38
Crypt of the NecroDancer;207.56
L.A. Noire;283.69
A Hat in Time;564.42
Warhammer: End Times - Vermintide;59.68
Half-Life 2: Episode Two;354.37
Iron Snout;30.36
Rogue Legacy;114.29
Age of Empires® III (2007);2223.94
Infestation: The New Z;531.82
METAL GEAR RISING: REVENGEANCE;115.51
Gang Beasts;176.6
Call of Duty: Advanced Warfare;78.97
Town of Salem;875.6
Orcs Must Die! 2;162.09
Tabletop Simulator;2513.86
HELLDIVERS™;259.07
Deus Ex: Human Revolution - Director's Cut;236
How to Survive;30.52
Guns of Icarus Online;19.89
Dragon's Dogma: Dark Arisen;755.77
Brütal Legend;36.69
The Beginner's Guide;9.25
Sniper Elite 3;286.66
DRAGON BALL XENOVERSE;69.63
VA-11 Hall-A: Cyberpunk Bartender Action;159.92
Just Cause 2: Multiplayer Mod;41.52
Antichamber;26.36
Dino D-Day;5.79
Counter-Strike: Condition Zero;424.9
The Darkness II;46
GRID 2;227.63
Sakura Clicker;134.99
Refunct;9.86
Gone Home;6.85
NEKOPARA Vol. 0;24.61
FINAL FANTASY VII;434.48
Sanctum 2;39.41
The Escapists;73.06
STAR WARS™: Knights of the Old Republic™;1043.35
Pillars of Eternity;738.5
Codename CURE;41.6
ShellShock Live;700.77
Need for Speed: Hot Pursuit;223.4
Surgeon Simulator;25.67
Tricolour Lovestory;113.29
World of Guns: Gun Disassembly;155.62
Toribash;104.45
Empyrion - Galactic Survival;1583.75
Hyper Light Drifter;49.8
OneShot;51.22
Mountain;88.66
Chinese Parents;1172.28
Block N Load;69.72
Portal Knights;520.46
Shadow of the Tomb Raider;1932.17
Outlast 2;140.25
Call of Duty: WWII;389.17
My Time At Portia;2120.73
Dungeon Defenders;383.2
Mass Effect 2;235.7
FEZ;35.86
100% Orange Juice;265.23
The Evil Within;204.19
What Remains of Edith Finch;36.62
Day of Defeat: Source;408.01
Thief;124.26
Bad Rats;13.91
Gunpoint;10.58
Quantum Break;121.98
Quake Live;316.03
The Room;58.5
S.T.A.L.K.E.R.: Call of Pripyat;289.97
Shadow Warrior 2;227.63
Eternal Senia;7.79
Montaro;8.57
Tom Clancy's Splinter Cell Blacklist;113.91
Endless Legend™;726.81
Survarium;315.43
Child of Light;28.83
Beholder;126.41
Artifact;103.91
Fallout 3;53.42
Bendy and the Ink Machine;72.57
Yet Another Zombie Defense;15.25
Moonbase Alpha;6.09
Warhammer 40000: Space Marine;108.19
Grand Theft Auto: Vice City;308.34
Hand Simulator;333.33
Who's Your Daddy?!;56.49
The Banner Saga;89.08
Burnout Paradise: The Ultimate Box;80.06
Nuclear Throne;137.42
Business Tour - Online Multiplayer Board Game;1231.76
Kingdom: Classic;56.99
Darwin Project;807.16
Sid Meier's Civilization: Beyond Earth;599.37
DRAGON BALL XENOVERSE 2;972.15
Shadow Tactics: Blades of the Shogun;267.49
The Crew;45.32
Mitos.is: The Game;83.97
Aliens vs. Predator;69.94
Trine;77.58
Saints Row 2;111.05
RAGE;84.37
Car Mechanic Simulator 2018;1826.88
Blackwake;101.94
Pony Island;13.57
Shovel Knight: Treasure Trove;276.13
Far Cry® 3 Blood Dragon;21.77
Gotham City Impostors: Free To Play;15.72
Double Action: Boogaloo;18.49
Defiance;85.48
Hyperdimension Neptunia Re;Birth1;67.65
Dead Space;97.27
Contagion;48.78
Remember Me;23.59
Resident Evil Revelations 2;176.83
Spooky's Jump Scare Mansion;26.22
LEGO® Worlds;158.9
WARMODE;42.21
Deadlight;6.26
Dungeons 3;294.96
Dead Space 2;97.16
The Evil Within 2;362.29
Bayonetta;83.96
Valkyria Chronicles™;77.91
RWBY: Grimm Eclipse;29.58
Dragon Age: Origins - Ultimate Edition;491.26
LEGO® MARVEL Super Heroes;228.13
Injustice: Gods Among Us Ultimate Edition;35.94
Tropico 4;182.78
Call of Duty 4: Modern Warfare;122.97
Shadowrun Returns;75.36
NEKOPARA Vol. 2;30.88
Sonic Mania;106.4
MURDERED: SOUL SUSPECT™;27.83
Star Conflict;290.94
Move or Die;139.71
Project CARS;167.88
Detention;23.57
We Were Here;89.5
World War 3;55.01
Kingdoms of Amalur: Reckoning™;263.18
Bully: Scholarship Edition;124.56
Zombie Army Trilogy;123.75
Far Cry Primal;485.14
Natural Selection 2;173.53
BRAIN / OUT;144.79
Shower With Your Dad Simulator 2015: Do You Still Shower With Your Dad;7.01
TrackMania Nations Forever;282.93
Ultra Street Fighter IV;144.39
NARUTO SHIPPUDEN: Ultimate Ninja STORM 3 Full Burst;54.7
Psychonauts;49.25
The Awesome Adventures of Captain Spirit;47.1
Reign Of Kings;66.73
Hand of Fate;28.48
Five Nights at Freddy's 2;27.3
METAL GEAR SOLID V: GROUND ZEROES;57.61
Transmissions: Element 120;7.19
Half-Life 2: Episode One;293.17
Tropico 5;322.56
Freddy Fazbear's Pizzeria Simulator;114.35
Call of Duty: Infinite Warfare;155.68
Ultimate Custom Night;332.36
NEKOPARA Vol. 3;49.84
AirMech Strike;42.49
Alien Swarm: Reactive Drop;228.62
Defy Gravity;2.4
Mini Metro;122.36
Thomas Was Alone;5.82
LISA;50.2
Tales of Berseria;269.82
Dungeon of the Endless™;226.03
Lords Of The Fallen;58.03
ELEX;404.09
The Room Two;47.57
S.K.I.L.L. - Special Force 2;2.1
Dead Rising 3;121.37
Celeste;579.61
Monaco;17.71
SNOW;39.34
DEEP SPACE WAIFU;8.92
Deponia;48.01
Armello;290.12
Assassin's Creed Syndicate;611.66
Salt and Sanctuary;197.81
Orwell;96.17
FINAL FANTASY XIII;260.54
Fallout;122.44
Craft The World;615.53
Material Girl;45.92
Sonic Generations;78.03
The Vanishing of Ethan Carter;5.86
RIFT;237.23
GunZ 2: The Second Duel;9.35
LYNE;11.38
DISTRAINT: Deluxe Edition;30.12
Warhammer 40000: Dawn of War III;162.92
Carpe Diem;2.01
Sniper Ghost Warrior 2;110.9
Night in the Woods;75.82
Viscera Cleanup Detail;211.04
Octodad: Dadliest Catch;30.7
Crysis 2 Maximum Edition;79.75
VVVVVV;14.6
Assassin's Creed Brotherhood;262.03
The Bureau: XCOM Declassified;33.98
Scribblenauts Unlimited;69.54
Overcooked;238.85
Wolfenstein: The Old Blood ;173.42
Finding Paradise;23.31
The Witness;166.8
Oxenfree;19.33
Braid;16.6
STAR WARS™ Empire at War: Gold Pack;2650.99
Rabi-Ribi;76.11
Youtubers Life;150.45
Tribes: Ascend;12.61
America's Army: Proving Grounds;288.93
Little Inferno;33.37
Homefront: The Revolution;69.07
Absolver;47.6
STAR WARS™ Republic Commando;84.82
Gear Up;8.16
Kingdoms and Castles;421.18
F.E.A.R.;48.95
Five Nights at Freddy's 4;12.05
Mount Your Friends;18.09
FINAL FANTASY X/X-2 HD Remaster;556.47
Osiris: New Dawn;74.31
Resident Evil;170
Deus Ex: Game of the Year Edition;87.88
Mount & Blade: With Fire and Sword;331.77
Wasteland 2;31.69
CrossCode;149.82
CPUCores :: Maximize Your FPS;641.03
Dragon Age: Origins;178.4
Vampire: The Masquerade - Bloodlines;129.89
Tyranny;157.56
Crysis;71.62
Foxhole;518.02
Punch Club;47.32
Galactic Civilizations III;419.53
Minecraft: Story Mode - A Telltale Games Series;15.81
Half-Life 2: Deathmatch;194.25
PAC-MAN Championship Edition DX+;9.92
SoulWorker;657.2
Super Crate Box;4.85
Darksiders II Deathinitive Edition;216.11
Universe Sandbox;279.26
Assassin's Creed Revelations;137.5
Sakura Spirit;4.6
Momodora: Reverie Under the Moonlight;20.95
Unepic;33.71
Hitman: Blood Money;77.72
Door Kickers;72.03
How to Survive 2;74.78
Zup!;6.87
Call to Arms;305.16
Half-Life 2: Lost Coast;26
Loading Screen Simulator;16.25
FreeStyle 2: Street Basketball;766.99
Lucius;15.26
GRIS;251.15
Keep Talking and Nobody Explodes;138.06
Assassin's Creed;108.89
Batman - The Telltale Series;46.38
STEINS;GATE;107.85
Relic Hunters Zero: Remix;13.01
Endless Space® - Definitive Edition;291.69
The Swapper;5.89
STAR WARS™ Jedi Knight: Jedi Academy™;312.82
Aura Kingdom;321.38
Long Live The Queen;15.78
Sword Art Online: Fatal Bullet;511.22
Anno 2070;171.5
Archeblade;5.21
Warhammer 40000: Dawn of War II;191.92
S.T.A.L.K.E.R.: Clear Sky;172.06
60 Seconds!;34
Viridi;24.37
Homefront;21.84
Magicite;25.79
Streets of Rogue;572.47
Nidhogg;17.93
Hatred;23.24
Warhammer 40000: Eternal Crusade;56.03
FlatOut 2;78.51
Machinarium;47.48
DLC Quest;2.36
PROTOTYPE 2;85.64
Homeworld Remastered Collection;176.21
Planetary Annihilation: TITANS;395.15
Orcs Must Die!;24.2
Blockstorm;5.54
Overcooked! 2;1705.88
Serious Sam 2;45.95
F.E.A.R. 3;42.07
Lucy -The Eternity She Wished For-;9.9
Supreme Commander 2;289.33
Sunless Sea;83.19
Jotun: Valhalla Edition;12.29
FINAL FANTASY VIII;161.26
This Is the Police;74.34
Broken Age;15.27
Book of Demons;83.32
Riders of Icarus;382.81
Tales of Zestiria;74.7
Far Cry 2;74.57
RUINER;25.25
Tower Unite;247.44
Zombie Panic! Source;48.91
Race The Sun;9.29
RUNNING WITH RIFLES;96.77
The Way of Life Free Edition;1.93
Half-Life: Opposing Force;195.07
Darksiders Warmastered Edition;165.03
Into the Breach;355.54
Superflight;30.63
Stonehearth;259.2
Hatoful Boyfriend;7.95
METAL SLUG 3;17.62
Unheard;581.33
Bit Blaster XL;5.75
Saints Row: Gat out of Hell;30.89
Lethal League;14.15
Never Alone (Kisima Ingitchuna);10.64
MapleStory 2;568.96
Timberman;5
Cave Story+;14.58
Kingdom Rush;81.58
Rebel Galaxy;71.12
Hammerwatch;27.35
The Escapists 2;498.07
Recettear: An Item Shop's Tale;37.34
The Mean Greens - Plastic Warfare;24.03
Devil MayCry 4 Special Edition;108.05
Mutant Year Zero: Road to Eden;155.87
Pit People;54.36
Gauntlet™ ;64.3
The Incredible Adventures of Van Helsing;65.09
Supreme Commander: Forged Alliance;490.96
GRID Autosport;91.95
Resident Evil Revelations;95.03
<U+53E4><U+5251><U+5947><U+8C2D><U+4E09>(Gujian3);822.25
Killer is Dead;15.15
Reigns;24.26
Five Nights at Freddy's 3;9.87
Fran Bow;40.93
Guacamelee! Gold Edition;10.8
CS2D;41.46
Magicka 2;98.32
Art of War: Red Tides;23.73
Next Day: Survival;40.01
Her Story;21.08
Dead Bits;890.56
South Park The Fractured But Whole;343.98
Genital Jousting;17.36
The Ship;13.53
Rivals of Aether;305.42
War Trigger 3;24.43
Road Redemption;60.53
Company of Heroes - Legacy Edition;104.37
Five Nights at Freddy's: Sister Location;28.23
Fallout 2;141.86
Elsword;437.82
Paint the Town Red;200.65
Life is Strange 2;473.33
Gorogoa;16.7
Grand Theft Auto III;115.32
The Silent Age;6.85
Party Hard;28.32
Faeria;61.98
Sonic Adventure™ 2 ;132.43
Hentai Girl;20.08
Dead or Alive 5 Last Round;38.01
Ballistic Overkill;38.82
ACE COMBAT™ 7: SKIES UNKNOWN;463.9
Kingdom: New Lands;118.9
Dark and Light;355.63
Mandagon;1.68
DYNASTY WARRIORS 8: Xtreme Legends Complete Edition;189.61
Serena;2.61
Gaokao.Love.100Days;18.63
Vampyr;186.06
Line of Sight;52.09
Dragonia;12.03
Zup! 2;4.9
SimplePlanes;220.46
Hidden Folks;37.96
Styx: Master of Shadows;77.22
Clustertruck;49.99
Democracy 3;60.72
Downwell;18.37
CastleMiner Z;29.38
Slender: The Arrival;10.8
Devil Daggers;17.82
E.Y.E: Divine Cybermancy;21.45
ONE PIECE PIRATE WARRIORS 3;91.63
Primal Carnage;7.1
Argo;56.69
Evoland;5.43
Duke Nukem Forever;36.09
Tree of Life;27.58
Legend of Grimrock;33.92
Secret World Legends;138.31
Transport Fever;954.33
Binary Domain;9.51
WAKFU;311.08
Command and Conquer: Red Alert 3;398.04
Dark Messiah of Might & Magic Single Player;65.16
Fable - The Lost Chapters;71.82
<U+63A2><U+7075><U+7B14><U+8A18>/<U+62FE><U+9057><U+8BB0>-1v5(Notes of Soul);899.2
Holdfast: Nations At War;258.34
NBA 2K17;226.05
Amnesia: A Machine for Pigs;15.4
EARTH DEFENSE FORCE 4.1  The Shadow of New Despair;130.99
CreativeDestruction;569.52
Pyre;66.46
Assassin's Creed Rogue;252.64
THE KING OF FIGHTERS XIII STEAM EDITION;157.8
Murder Miners;13.03
OLDTV;3.75
Stronghold Crusader 2;428.86
MechWarrior Online;380.14
Garfield Kart;51.91
Domina;79.84
Cook Serve Delicious!;26.71
System Shock 2;26.39
Furi;49.24
PRICE;2
Comedy Night;28.34
Victor Vran;56.58
Melody's Escape;7.09
Planetbase;214.15
NARUTO SHIPPUDEN: Ultimate Ninja STORM Revolution;26.01
Baldur's Gate: Enhanced Edition;521.74
Stories: The Path of Destinies;21.71
Jazzpunk: Director's Cut;10.28
Grim Fandango Remastered;26.28
<U+6771><U+65B9><U+5929><U+7A7A><U+748B> ~ Hidden Star in Four Seasons.;5.83
Poly Bridge;290.86
SteamWorld Dig;11.62
I am Bread;8.53
Enclave;39.87
EVERSPACE™;141.8
Late Shift;14.28
BEEP;3.11
Fable Anniversary;186.36
Valley;9.86
Farm Together;1288.65
Atlas Reactor;2.23
Wizard of Legend;495.13
Distance;33.68
From The Depths;538.74
Return of the Obra Dinn;144.52
Bless Online;1.6
DOOM 3: BFG Edition;87.89
Serious Sam HD: The First Encounter;33.29
War for the Overworld;102.84
Polarity;0.96
SURVIVAL: Postapocalypse Now;38.86
Max Payne;52.45
The Tiny Bang Story;30.59
Worms Revolution;98.21
Among the Sleep;13.51
State of Decay: Year-One;321.8
Dungeons of Dredmor;43.55
FINAL FANTASY IX;185.46
BATTALION 1944;41.04
TOXIKK;5
Darkwood;61.94
Grow Home;8.21
Time Clickers;254.5
Risen;120.41
Planet Explorers;39.71
Morphopolis;0.88
Pirates Vikings & Knights II;24.73
Castlevania: Lords of Shadow - Ultimate Edition;33.97
Torchlight;42.51
Woodle Tree Adventures;9.71
Half-Life: Blue Shift;111.2
Meadow;22.55
Aragami;59.39
Bomber Crew;80.47
Gothic II: Gold Edition;279.16
Bloons TD5;265.24
Turbo Dismount;18.58
Lost Lands: A Hidden Object Adventure;35.8
Audiosurf 2;28.86
DiRT 4;199.86
Euro Truck Simulator;18.3
Lost Lands: Mahjong;40.35
Half-Life: Source;149.22
Marie's Room;5.92
Crawl;49.04
Jalopy;40.04
Plantera;29.59
Blockland;33.77
The Ultimate DOOM;37.37
Prototype;55.64
SpaceChem;19.19
ENSLAVED™: Odyssey to the West™ Premium Edition;10.18
Strife;1.09
Injustice™ 2;234.03
DRAGON QUEST® XI: Echoes of an Elusive Age™;568.27
Vindictus;281.91
Viscera Cleanup Detail: Santa's Rampage;20.56
Secrets of Grindea;70.62
Soda Dungeon;276.49
Trine 3: The Artifacts of Power;40.12
Magic 2014 ;38.65
Boring Man - Online Tactical Stickman Combat;25.49
The Flame in the Flood;23.03
Epistory - Typing Chronicles;15.9
DUSK;71.4
Alan Wake's American Nightmare;9.39
Mordheim: City of the Damned;168.71
Soul at Stake - 1v4;131.79
Reus;18
Sword With Sauce;15.2
Invisible Inc.;49.83
klocki;3.09
Titan Souls;11.48
Crash Bandicoot™ N. Sane Trilogy;251.23
Worm.is: The Game;28.06
Freedom Planet;6.8
Owlboy;15.46
911 Operator;154.26
Botanicula;10.59
Worms Armageddon;132.17
Home Behind;78.64
Dead Island Definitive Edition;244.75
BRINK;17.32
Shadowrun: Dragonfall - Director's Cut;91.03
Zup! 3;6.94
Warhammer 40000: Dawn of War - Game of the Year Edition;100.37
GRAV;2.97
Tiny and Big: Grandpa's Leftovers;1.82
Hexcells;9.61
Tactical Monsters Rumble Arena;157.57
Eternal Card Game;483.38
World of Goo;14.62
Tricky Towers;173.42
The Cat Lady;7.3
Overlord;42.12
Rec Room;348.86
Resident Evil 7 Teaser: Beginning Hour;10.09
Endless Sky;173.68
Day of Defeat;105.45
The Legend of Heroes: Trails in the Sky;123.78
Jet Set Radio;15.15
140;3.02
Gothic;152.98
Total War Saga: Thrones of Britannia;739.97
The Final Station;11.73
RPG Maker VX Ace;214.12
Warhammer 40000: Inquisitor - Martyr;360.82
FAR: Lone Sails;18.54
GORN;96.11
Confess My Love;3.17
One Way Heroics;22.49
WILL: A Wonderful World;17.75
Car Mechanic Simulator 2014;9.58
House Party;197.5
Team Fortress Classic;73.97
Space Rangers HD: A War Apart;141.67
Defense Grid: The Awakening;70.09
Death Road to Canada;68.84
Darksiders III;193.92
Anomaly Warzone Earth;3.25
Hearts of Iron III;136.68
Wargame: AirLand Battle;52.36
Caster;1.75
F.E.A.R. 2: Project Origin;39.74
Floating Point;5.93
There's Poop In My Soup;3.07
Heat Signature;80.56
Danganronpa V3: Killing Harmony;321.62
Medieval Engineers;117.41
Gremlins Inc.;195.77
Hard Reset;8.34
The Surge;80.06
Ni no Kuni™ II: Revenant Kingdom;551.03
HunieCam Studio;72.82
Mad Games Tycoon;64.93
Medal of Honor(TM) Single Player;32.76
Mount & Blade;114.4
Sniper Elite: Nazi Zombie Army;10.64
Overgrowth;33.44
Touhou Luna Nights;55.58
DuckTales Remastered;13.2
Savage Lands;18.88
Arma: Cold War Assault;17.45
ArcheAge;81.67
12 is Better Than 6;7.27
LUFTRAUSERS;5.47
Gold Rush: The Game;585.24
Arizona Sunshine;180.54
Blameless;3.34
Crazy Machines 3;21.4
Robot Roller-Derby Disco Dodgeball;7.34
Turmoil;134.94
Card Hunter;83.34
We Happy Few;110.64
Blade Symphony;3.25
King Arthur's Gold;40.9
ibb & obb;33.36
Cortex Command;31.01
Alpha Protocol;9
Teeworlds;52.23
Far Cry;56.4
Axiom Verge;21.24
Plug & Play;1.06
Steel Division: Normandy 44;105.71
